Workbook

Sheet 颜色备货建议
A1: JUDE 首批订单颜色备货建议
A2: 蓝字为可修改的输入数字，黑字为公式自动计算。单位：台。
A4: 序号 | B4: 产品类型 | C4: 产品颜色 | D4: 整机编码 | E4: 原订单数量 | F4: 建议备货数量 | G4: 调整 | H4: 其中：亚马逊可卖 | I4: Vine 评价 | J4: B 端样品 | K4: 保修备件 | L4: 接受度判断
A5: 1 | B5: 121冰箱 | C5: 纽约绿 | D5: 40021458 | E5: 12 | F5: 20 | G5: =F5-E5 -> 8 | H5: =F5-I5-J5-K5 -> 13 | I5: 4 | J5: 2 | K5: 1 | L5: 高：主推色，广告、评价、媒体集中
A6: 2 | B6: 121冰箱 | C6: 牛油果 | E6: 10 | F6: 5 | G6: =F6-E6 -> -5 | H6: =F6-I6-J6-K6 -> 5 | I6: 0 | J6: 0 | K6: 0 | L6: 中低：与纽约绿同为绿色，互相抢单
A7: 3 | B7: 121冰箱 | C7: 敦煌橙 | D7: 40021459 | E7: 3 | F7: 3 | G7: =F7-E7 -> 0 | H7: =F7-I7-J7-K7 -> 3 | I7: 0 | J7: 0 | K7: 0 | L7: 中低：点缀色，保底上架
A8: 4 | B8: 121冰箱 | C8: 奶酪白 | D8: 40021255 | E8: 15 | F8: 12 | G8: =F8-E8 -> -3 | H8: =F8-I8-J8-K8 -> 9 | I8: 2 | J8: 1 | K8: 0 | L8: 高：美国厨房接受面最广，零售商铺货首选
B9: 121冰箱 小计 | E9: =SUM(E5:E8) -> 40 | F9: =SUM(F5:F8) -> 40 | G9: =F9-E9 -> 0 | H9: =SUM(H5:H8) -> 30 | I9: =SUM(I5:I8) -> 6 | J9: =SUM(J5:J8) -> 3 | K9: =SUM(K5:K8) -> 1 | L9: 小计必须等于原订单
A10: 5 | B10: 冰吧 A款 | C10: 纽约绿 | D10: 40021462 | E10: 14 | F10: 23 | G10: =F10-E10 -> 9 | H10: =F10-I10-J10-K10 -> 16 | I10: 4 | J10: 2 | K10: 1 | L10: 高：主推色，广告、评价、媒体集中
A11: 6 | B11: 冰吧 A款 | C11: 牛油果 | E11: 12 | F11: 6 | G11: =F11-E11 -> -6 | H11: =F11-I11-J11-K11 -> 6 | I11: 0 | J11: 0 | K11: 0 | L11: 中低：与纽约绿同为绿色，互相抢单
A12: 7 | B12: 冰吧 A款 | C12: 敦煌橙 | D12: 40021463 | E12: 4 | F12: 3 | G12: =F12-E12 -> -1 | H12: =F12-I12-J12-K12 -> 3 | I12: 0 | J12: 0 | K12: 0 | L12: 中低：点缀色，保底上架
A13: 8 | B13: 冰吧 A款 | C13: 奶酪白 | D13: 40021279 | E13: 16 | F13: 14 | G13: =F13-E13 -> -2 | H13: =F13-I13-J13-K13 -> 11 | I13: 2 | J13: 1 | K13: 0 | L13: 高：美国厨房接受面最广，零售商铺货首选
B14: 冰吧 A款 小计 | E14: =SUM(E10:E13) -> 46 | F14: =SUM(F10:F13) -> 46 | G14: =F14-E14 -> 0 | H14: =SUM(H10:H13) -> 36 | I14: =SUM(I10:I13) -> 6 | J14: =SUM(J10:J13) -> 3 | K14: =SUM(K10:K13) -> 1 | L14: 小计必须等于原订单
A15: 9 | B15: 冰吧 B款 | C15: 纽约绿 | F15: 13 | H15: =F15-I15-J15-K15 -> 8 | I15: 3 | J15: 1 | K15: 1 | L15: 高：主推色；首批只上两色
A16: 10 | B16: 冰吧 B款 | C16: 牛油果 | F16: 0 | H16: =F16-I16-J16-K16 -> 0 | I16: 0 | J16: 0 | K16: 0 | L16: 首批不上，展台展示、收订单
A17: 11 | B17: 冰吧 B款 | C17: 敦煌橙 | F17: 0 | H17: =F17-I17-J17-K17 -> 0 | I17: 0 | J17: 0 | K17: 0 | L17: 首批不上，展台展示、收订单
A18: 12 | B18: 冰吧 B款 | C18: 奶酪白 | F18: 7 | H18: =F18-I18-J18-K18 -> 5 | I18: 1 | J18: 1 | K18: 0 | L18: 高：接受面最广；首批只上两色
B19: 冰吧 B款 小计 | E19: 20 | F19: =SUM(F15:F18) -> 20 | G19: =F19-E19 -> 0 | H19: =SUM(H15:H18) -> 13 | I19: =SUM(I15:I18) -> 4 | J19: =SUM(J15:J18) -> 2 | K19: =SUM(K15:K18) -> 1 | L19: 小计必须等于原订单
A20: 13 | B20: 红酒柜 | C20: 纽约绿 | E20: 8 | F20: 15 | G20: =F20-E20 -> 7 | H20: =F20-I20-J20-K20 -> 8 | I20: 4 | J20: 2 | K20: 1 | L20: 高：主推色，广告、评价、媒体集中
A21: 14 | B21: 红酒柜 | C21: 牛油果 | E21: 8 | F21: 3 | G21: =F21-E21 -> -5 | H21: =F21-I21-J21-K21 -> 3 | I21: 0 | J21: 0 | K21: 0 | L21: 中低：与纽约绿同为绿色，互相抢单
A22: 15 | B22: 红酒柜 | C22: 敦煌橙 | E22: 8 | F22: 3 | G22: =F22-E22 -> -5 | H22: =F22-I22-J22-K22 -> 3 | I22: 0 | J22: 0 | K22: 0 | L22: 中低：点缀色，保底上架
A23: 16 | B23: 红酒柜 | C23: 奶酪白 | E23: 6 | F23: 9 | G23: =F23-E23 -> 3 | H23: =F23-I23-J23-K23 -> 6 | I23: 2 | J23: 1 | K23: 0 | L23: 高：接受面最广，零售商铺货首选
B24: 红酒柜 小计 | E24: =SUM(E20:E23) -> 30 | F24: =SUM(F20:F23) -> 30 | G24: =F24-E24 -> 0 | H24: =SUM(H20:H23) -> 20 | I24: =SUM(I20:I23) -> 6 | J24: =SUM(J20:J23) -> 3 | K24: =SUM(K20:K23) -> 1 | L24: 小计必须等于原订单
A25: 17 | B25: 台面冰箱 | C25: 纽约绿 | E25: 10 | F25: 18 | G25: =F25-E25 -> 8 | H25: =F25-I25-J25-K25 -> 10 | I25: 5 | J25: 2 | K25: 1 | L25: 高：主推色，广告、评价、媒体集中
A26: 18 | B26: 台面冰箱 | C26: 牛油果 | E26: 10 | F26: 5 | G26: =F26-E26 -> -5 | H26: =F26-I26-J26-K26 -> 5 | I26: 0 | J26: 0 | K26: 0 | L26: 中低：与纽约绿同为绿色，互相抢单
A27: 19 | B27: 台面冰箱 | C27: 敦煌橙 | E27: 10 | F27: 5 | G27: =F27-E27 -> -5 | H27: =F27-I27-J27-K27 -> 5 | I27: 0 | J27: 0 | K27: 0 | L27: 中低：点缀色；小件偏礼品，比大件好卖
A28: 20 | B28: 台面冰箱 | C28: 奶酪白 | E28: 10 | F28: 12 | G28: =F28-E28 -> 2 | H28: =F28-I28-J28-K28 -> 7 | I28: 3 | J28: 2 | K28: 0 | L28: 高：接受面最广，零售商铺货首选
B29: 台面冰箱 小计 | E29: =SUM(E25:E28) -> 40 | F29: =SUM(F25:F28) -> 40 | G29: =F29-E29 -> 0 | H29: =SUM(H25:H28) -> 27 | I29: =SUM(I25:I28) -> 8 | J29: =SUM(J25:J28) -> 4 | K29: =SUM(K25:K28) -> 1 | L29: 小计必须等于原订单
B30: 订单总计 | E30: =E9+E14+E19+E24+E29 -> 176 | F30: =F9+F14+F19+F24+F29 -> 176 | G30: =F30-E30 -> 0 | H30: =H9+H14+H19+H24+H29 -> 126 | I30: =I9+I14+I19+I24+I29 -> 30 | J30: =J9+J14+J19+J24+J29 -> 15 | K30: =K9+K14+K19+K24+K29 -> 5 | L30: =IF(F30=E30,"建议总数与原订单一致","建议总数与原订单不一致，请检查") -> 建议总数与原订单一致
A32: 说明
A33: 1. 原订单数量、整机编码来自 A ONE 订单数量拆分表，产品总数不变，只调整颜色分配。
A34: 2. 用途拆分：建议备货 = 亚马逊可卖 + Vine 评价 + B 端样品 + 保修备件。Vine 评价和样品集中在纽约绿、奶酪白，评价和买家图落在主推色上。
A35: 3. 颜色比例：纽约绿约一半，奶酪白约三成，牛油果约一成，敦煌橙约 8%；敦煌橙每款保底 3 台，台面冰箱的牛油果、敦煌橙各 5 台。
A36: 4. 冰吧 B款只有 20 台，首批只上纽约绿和奶酪白，牛油果、敦煌橙只在展台展示、收订单。
A37: 5. 首批亚马逊可卖 126 台，按一季度 150 台的节奏 3 月上旬卖完。第二批建议 1 月 9 日（CES 最后一天）下单，纽约绿和奶酪白合计占八成以上。
A38: 6. CES 约 14 台能通电的展品撤展后可转作 B 端样品，首批里的 15 台样品可转回亚马逊销售，可卖数升到 141 台。

Sheet 颜色汇总
A1: 按颜色汇总
A2: 公式引用“颜色备货建议”表。原订单不含冰吧 B款（未分颜色）。单位：台。
A4: 产品颜色 | B4: 原订单（不含冰吧 B款） | C4: 建议备货 | D4: 建议占比 | E4: 其中：亚马逊可卖 | F4: Vine 评价 | G4: B 端样品 | H4: 保修备件
A5: 纽约绿 | B5: =SUMIF(颜色备货建议!$C$5:$C$29,A5,颜色备货建议!$E$5:$E$29) -> 44 | C5: =SUMIF(颜色备货建议!$C$5:$C$29,A5,颜色备货建议!$F$5:$F$29) -> 89 | D5: =IF($C$9=0,0,C5/$C$9) -> 0.50568182 | E5: =SUMIF(颜色备货建议!$C$5:$C$29,A5,颜色备货建议!$H$5:$H$29) -> 55 | F5: =SUMIF(颜色备货建议!$C$5:$C$29,A5,颜色备货建议!$I$5:$I$29) -> 20 | G5: =SUMIF(颜色备货建议!$C$5:$C$29,A5,颜色备货建议!$J$5:$J$29) -> 9 | H5: =SUMIF(颜色备货建议!$C$5:$C$29,A5,颜色备货建议!$K$5:$K$29) -> 5
A6: 奶酪白 | B6: =SUMIF(颜色备货建议!$C$5:$C$29,A6,颜色备货建议!$E$5:$E$29) -> 47 | C6: =SUMIF(颜色备货建议!$C$5:$C$29,A6,颜色备货建议!$F$5:$F$29) -> 54 | D6: =IF($C$9=0,0,C6/$C$9) -> 0.30681818 | E6: =SUMIF(颜色备货建议!$C$5:$C$29,A6,颜色备货建议!$H$5:$H$29) -> 38 | F6: =SUMIF(颜色备货建议!$C$5:$C$29,A6,颜色备货建议!$I$5:$I$29) -> 10 | G6: =SUMIF(颜色备货建议!$C$5:$C$29,A6,颜色备货建议!$J$5:$J$29) -> 6 | H6: =SUMIF(颜色备货建议!$C$5:$C$29,A6,颜色备货建议!$K$5:$K$29) -> 0
A7: 牛油果 | B7: =SUMIF(颜色备货建议!$C$5:$C$29,A7,颜色备货建议!$E$5:$E$29) -> 40 | C7: =SUMIF(颜色备货建议!$C$5:$C$29,A7,颜色备货建议!$F$5:$F$29) -> 19 | D7: =IF($C$9=0,0,C7/$C$9) -> 0.10795455 | E7: =SUMIF(颜色备货建议!$C$5:$C$29,A7,颜色备货建议!$H$5:$H$29) -> 19 | F7: =SUMIF(颜色备货建议!$C$5:$C$29,A7,颜色备货建议!$I$5:$I$29) -> 0 | G7: =SUMIF(颜色备货建议!$C$5:$C$29,A7,颜色备货建议!$J$5:$J$29) -> 0 | H7: =SUMIF(颜色备货建议!$C$5:$C$29,A7,颜色备货建议!$K$5:$K$29) -> 0
A8: 敦煌橙 | B8: =SUMIF(颜色备货建议!$C$5:$C$29,A8,颜色备货建议!$E$5:$E$29) -> 25 | C8: =SUMIF(颜色备货建议!$C$5:$C$29,A8,颜色备货建议!$F$5:$F$29) -> 14 | D8: =IF($C$9=0,0,C8/$C$9) -> 0.079545455 | E8: =SUMIF(颜色备货建议!$C$5:$C$29,A8,颜色备货建议!$H$5:$H$29) -> 14 | F8: =SUMIF(颜色备货建议!$C$5:$C$29,A8,颜色备货建议!$I$5:$I$29) -> 0 | G8: =SUMIF(颜色备货建议!$C$5:$C$29,A8,颜色备货建议!$J$5:$J$29) -> 0 | H8: =SUMIF(颜色备货建议!$C$5:$C$29,A8,颜色备货建议!$K$5:$K$29) -> 0
A9: 合计 | B9: =SUM(B5:B8) -> 156 | C9: =SUM(C5:C8) -> 176 | D9: =IF($C$9=0,0,C9/$C$9) -> 1 | E9: =SUM(E5:E8) -> 126 | F9: =SUM(F5:F8) -> 30 | G9: =SUM(G5:G8) -> 15 | H9: =SUM(H5:H8) -> 5
